IF OBJECT_ID(N'[__EFMigrationsHistory]') IS NULL
BEGIN
    CREATE TABLE [__EFMigrationsHistory] (
        [MigrationId] nvarchar(150) NOT NULL,
        [ProductVersion] nvarchar(32) NOT NULL,
        CONSTRAINT [PK___EFMigrationsHistory] PRIMARY KEY ([MigrationId])
    );
END;
GO

BEGIN TRANSACTION;
GO

CREATE TABLE [Personagens] (
    [Id] int NOT NULL IDENTITY,
    [Nome] nvarchar(max) NOT NULL,
    [PontosVida] int NOT NULL,
    [Forca] int NOT NULL,
    [Defesa] int NOT NULL,
    [Inteligencia] int NOT NULL,
    [Classe] int NOT NULL,
    CONSTRAINT [PK_Personagens] PRIMARY KEY ([Id])
);
GO

CREATE TABLE [Usuarios] (
    [Id] int NOT NULL IDENTITY,
    [Username] nvarchar(max) NOT NULL,
    [Perfil] nvarchar(max) NOT NULL,
    [PasswordHash] varbinary(max) NULL,
    [PasswordSalt] varbinary(max) NULL,
    [Email] nvarchar(max) NOT NULL,
    [Foto] varbinary(max) NULL,
    [Latitude] float NULL,
    [Longitude] float NULL,
    [DataAcesso] datetime2 NULL,
    CONSTRAINT [PK_Usuarios] PRIMARY KEY ([Id])
);
GO

IF EXISTS (SELECT * FROM [sys].[identity_columns] WHERE [name] IN (N'Id', N'Classe', N'Defesa', N'Forca', N'Inteligencia', N'Nome', N'PontosVida') AND [object_id] = OBJECT_ID(N'[Personagens]'))
    SET IDENTITY_INSERT [Personagens] ON;
INSERT INTO [Personagens] ([Id], [Classe], [Defesa], [Forca], [Inteligencia], [Nome], [PontosVida])
VALUES (1, 1, 23, 17, 33, N'Frodo', 100),
(2, 1, 25, 15, 30, N'Sam', 100),
(3, 3, 21, 18, 35, N'Galadriel', 100),
(4, 2, 18, 18, 37, N'Gandalf', 100),
(5, 1, 17, 20, 31, N'Hobbit', 100),
(6, 3, 13, 21, 34, N'Celeborn', 100),
(7, 2, 11, 25, 35, N'Radagast', 100);
IF EXISTS (SELECT * FROM [sys].[identity_columns] WHERE [name] IN (N'Id', N'Classe', N'Defesa', N'Forca', N'Inteligencia', N'Nome', N'PontosVida') AND [object_id] = OBJECT_ID(N'[Personagens]'))
    SET IDENTITY_INSERT [Personagens] OFF;
GO

IF EXISTS (SELECT * FROM [sys].[identity_columns] WHERE [name] IN (N'Id', N'DataAcesso', N'Email', N'Foto', N'Latitude', N'Longitude', N'PasswordHash', N'PasswordSalt', N'Perfil', N'Username') AND [object_id] = OBJECT_ID(N'[Usuarios]'))
    SET IDENTITY_INSERT [Usuarios] ON;
INSERT INTO [Usuarios] ([Id], [DataAcesso], [Email], [Foto], [Latitude], [Longitude], [PasswordHash], [PasswordSalt], [Perfil], [Username])
VALUES (1, NULL, N'seuEmail@gmail.com', NULL, -23.520024100000001E0, -46.596497999999997E0, NULL, NULL, N'Admin', N'UsuarioAdmin');
IF EXISTS (SELECT * FROM [sys].[identity_columns] WHERE [name] IN (N'Id', N'DataAcesso', N'Email', N'Foto', N'Latitude', N'Longitude', N'PasswordHash', N'PasswordSalt', N'Perfil', N'Username') AND [object_id] = OBJECT_ID(N'[Usuarios]'))
    SET IDENTITY_INSERT [Usuarios] OFF;
GO

INSERT INTO [__EFMigrationsHistory] ([MigrationId], [ProductVersion])
VALUES (N'20230409124235_InitialCreate', N'7.0.10');
GO

COMMIT;
GO

BEGIN TRANSACTION;
GO

DECLARE @var0 sysname;
SELECT @var0 = [d].[name]
FROM [sys].[default_constraints] [d]
INNER JOIN [sys].[columns] [c] ON [d].[parent_column_id] = [c].[column_id] AND [d].[parent_object_id] = [c].[object_id]
WHERE ([d].[parent_object_id] = OBJECT_ID(N'[Usuarios]') AND [c].[name] = N'Username');
IF @var0 IS NOT NULL EXEC(N'ALTER TABLE [Usuarios] DROP CONSTRAINT [' + @var0 + '];');
ALTER TABLE [Usuarios] ALTER COLUMN [Username] nvarchar(max) NULL;
GO

DECLARE @var1 sysname;
SELECT @var1 = [d].[name]
FROM [sys].[default_constraints] [d]
INNER JOIN [sys].[columns] [c] ON [d].[parent_column_id] = [c].[column_id] AND [d].[parent_object_id] = [c].[object_id]
WHERE ([d].[parent_object_id] = OBJECT_ID(N'[Usuarios]') AND [c].[name] = N'Perfil');
IF @var1 IS NOT NULL EXEC(N'ALTER TABLE [Usuarios] DROP CONSTRAINT [' + @var1 + '];');
ALTER TABLE [Usuarios] ALTER COLUMN [Perfil] nvarchar(max) NULL;
GO

DECLARE @var2 sysname;
SELECT @var2 = [d].[name]
FROM [sys].[default_constraints] [d]
INNER JOIN [sys].[columns] [c] ON [d].[parent_column_id] = [c].[column_id] AND [d].[parent_object_id] = [c].[object_id]
WHERE ([d].[parent_object_id] = OBJECT_ID(N'[Usuarios]') AND [c].[name] = N'Email');
IF @var2 IS NOT NULL EXEC(N'ALTER TABLE [Usuarios] DROP CONSTRAINT [' + @var2 + '];');
ALTER TABLE [Usuarios] ALTER COLUMN [Email] nvarchar(max) NULL;
GO

DECLARE @var3 sysname;
SELECT @var3 = [d].[name]
FROM [sys].[default_constraints] [d]
INNER JOIN [sys].[columns] [c] ON [d].[parent_column_id] = [c].[column_id] AND [d].[parent_object_id] = [c].[object_id]
WHERE ([d].[parent_object_id] = OBJECT_ID(N'[Personagens]') AND [c].[name] = N'Nome');
IF @var3 IS NOT NULL EXEC(N'ALTER TABLE [Personagens] DROP CONSTRAINT [' + @var3 + '];');
ALTER TABLE [Personagens] ALTER COLUMN [Nome] nvarchar(max) NULL;
GO

CREATE TABLE [Armas] (
    [Id] int NOT NULL IDENTITY,
    [Nome] nvarchar(max) NULL,
    [Dano] int NOT NULL,
    CONSTRAINT [PK_Armas] PRIMARY KEY ([Id])
);
GO

IF EXISTS (SELECT * FROM [sys].[identity_columns] WHERE [name] IN (N'Id', N'Dano', N'Nome') AND [object_id] = OBJECT_ID(N'[Armas]'))
    SET IDENTITY_INSERT [Armas] ON;
INSERT INTO [Armas] ([Id], [Dano], [Nome])
VALUES (1, 35, N'Arco e Flecha'),
(2, 33, N'Espada'),
(3, 31, N'Machado'),
(4, 30, N'Punho'),
(5, 34, N'Chicote'),
(6, 33, N'Foice'),
(7, 32, N'Cajado');
IF EXISTS (SELECT * FROM [sys].[identity_columns] WHERE [name] IN (N'Id', N'Dano', N'Nome') AND [object_id] = OBJECT_ID(N'[Armas]'))
    SET IDENTITY_INSERT [Armas] OFF;
GO

INSERT INTO [__EFMigrationsHistory] ([MigrationId], [ProductVersion])
VALUES (N'20230417011835_MigracaoArma', N'7.0.10');
GO

COMMIT;
GO

BEGIN TRANSACTION;
GO

DECLARE @var4 sysname;
SELECT @var4 = [d].[name]
FROM [sys].[default_constraints] [d]
INNER JOIN [sys].[columns] [c] ON [d].[parent_column_id] = [c].[column_id] AND [d].[parent_object_id] = [c].[object_id]
WHERE ([d].[parent_object_id] = OBJECT_ID(N'[Usuarios]') AND [c].[name] = N'Perfil');
IF @var4 IS NOT NULL EXEC(N'ALTER TABLE [Usuarios] DROP CONSTRAINT [' + @var4 + '];');
ALTER TABLE [Usuarios] ADD DEFAULT N'Jogador' FOR [Perfil];
GO

ALTER TABLE [Personagens] ADD [FotoPersonagem] varbinary(max) NULL;
GO

ALTER TABLE [Personagens] ADD [UsuarioId] int NULL;
GO

CREATE TABLE [TB_Disputas] (
    [Id] int NOT NULL IDENTITY,
    [Dt_Disputa] datetime2 NULL,
    [AtacanteId] int NOT NULL,
    [OponenteId] int NOT NULL,
    [Tx_Narracao] nvarchar(max) NULL,
    CONSTRAINT [PK_TB_Disputas] PRIMARY KEY ([Id])
);
GO

UPDATE [Personagens] SET [FotoPersonagem] = NULL, [UsuarioId] = NULL
WHERE [Id] = 1;
SELECT @@ROWCOUNT;

GO

UPDATE [Personagens] SET [FotoPersonagem] = NULL, [UsuarioId] = NULL
WHERE [Id] = 2;
SELECT @@ROWCOUNT;

GO

UPDATE [Personagens] SET [FotoPersonagem] = NULL, [UsuarioId] = NULL
WHERE [Id] = 3;
SELECT @@ROWCOUNT;

GO

UPDATE [Personagens] SET [FotoPersonagem] = NULL, [UsuarioId] = NULL
WHERE [Id] = 4;
SELECT @@ROWCOUNT;

GO

UPDATE [Personagens] SET [FotoPersonagem] = NULL, [UsuarioId] = NULL
WHERE [Id] = 5;
SELECT @@ROWCOUNT;

GO

UPDATE [Personagens] SET [FotoPersonagem] = NULL, [UsuarioId] = NULL
WHERE [Id] = 6;
SELECT @@ROWCOUNT;

GO

UPDATE [Personagens] SET [FotoPersonagem] = NULL, [UsuarioId] = NULL
WHERE [Id] = 7;
SELECT @@ROWCOUNT;

GO

UPDATE [Usuarios] SET [PasswordHash] = 0xB5CC022585C22129C6F29858461131C3D3D40D21393500DEF5AC9AE0C9BD796DB85C10132A233A8B975E13B151614735958D105E389FDA4346FA0A76B14F5633, [PasswordSalt] = 0x32EA2784C27A60B882CCD8F9BFE2BB183AEB97DADF9978C8A53F4ABD6DFD038F2D1365A89CA41743E83C9F2AD0C3A484FB9BFB0448BDBE5FA3FFCA7675957591B2EA250DE5CC8EDB5919A8E1ABA42D88F793CDD2FBE8F9AF8D54DEE860F5843C3E23D4EFEFE1DDE87EFD8E3F47EA6BB20F826EAB946598B543060D21693A16D5
WHERE [Id] = 1;
SELECT @@ROWCOUNT;

GO

CREATE INDEX [IX_Personagens_UsuarioId] ON [Personagens] ([UsuarioId]);
GO

ALTER TABLE [Personagens] ADD CONSTRAINT [FK_Personagens_Usuarios_UsuarioId] FOREIGN KEY ([UsuarioId]) REFERENCES [Usuarios] ([Id]);
GO

INSERT INTO [__EFMigrationsHistory] ([MigrationId], [ProductVersion])
VALUES (N'20230807112741_MigracaoUsuario', N'7.0.10');
GO

COMMIT;
GO

BEGIN TRANSACTION;
GO

ALTER TABLE [Armas] ADD [PersonagemId] int NOT NULL DEFAULT 0;
GO

UPDATE [Armas] SET [PersonagemId] = 1
WHERE [Id] = 1;
SELECT @@ROWCOUNT;

GO

UPDATE [Armas] SET [PersonagemId] = 2
WHERE [Id] = 2;
SELECT @@ROWCOUNT;

GO

UPDATE [Armas] SET [PersonagemId] = 3
WHERE [Id] = 3;
SELECT @@ROWCOUNT;

GO

UPDATE [Armas] SET [PersonagemId] = 4
WHERE [Id] = 4;
SELECT @@ROWCOUNT;

GO

UPDATE [Armas] SET [PersonagemId] = 5
WHERE [Id] = 5;
SELECT @@ROWCOUNT;

GO

UPDATE [Armas] SET [PersonagemId] = 6
WHERE [Id] = 6;
SELECT @@ROWCOUNT;

GO

UPDATE [Armas] SET [PersonagemId] = 7
WHERE [Id] = 7;
SELECT @@ROWCOUNT;

GO

UPDATE [Usuarios] SET [PasswordHash] = 0x4D5B8F0050E69069349870F8BD67CC017714B8B89FCB303BC1B7BE94D4D10BFB215884254A2962EF73FB9464794936706A39F5CF8B143F6446EEDCC01385BF90, [PasswordSalt] = 0x610323DA4DC56B399A8AE83F7FFF4B42E5FA7147F0AC9355C71D5CC33DDB66BA619064B1DFB4F80A4072E6B554F5FC7CA6980A68116AA323F0C64E846B3E86AE9C1152318A32D0D70501890229A1D6A7251F2D60BF01EE48123A659C99612DACBD9185F9254E643B67C1AA41AA7BCC1D5DE2FE458C009621979022FE0BBFACDE
WHERE [Id] = 1;
SELECT @@ROWCOUNT;

GO

CREATE UNIQUE INDEX [IX_Armas_PersonagemId] ON [Armas] ([PersonagemId]);
GO

ALTER TABLE [Armas] ADD CONSTRAINT [FK_Armas_Personagens_PersonagemId] FOREIGN KEY ([PersonagemId]) REFERENCES [Personagens] ([Id]) ON DELETE CASCADE;
GO

INSERT INTO [__EFMigrationsHistory] ([MigrationId], [ProductVersion])
VALUES (N'20230807120426_MigracaoUmParaUm', N'7.0.10');
GO

COMMIT;
GO

BEGIN TRANSACTION;
GO

ALTER TABLE [Personagens] ADD [Derrotas] int NOT NULL DEFAULT 0;
GO

ALTER TABLE [Personagens] ADD [Disputas] int NOT NULL DEFAULT 0;
GO

ALTER TABLE [Personagens] ADD [Vitorias] int NOT NULL DEFAULT 0;
GO

CREATE TABLE [Habilidades] (
    [Id] int NOT NULL IDENTITY,
    [Nome] nvarchar(max) NULL,
    [Dano] int NOT NULL,
    CONSTRAINT [PK_Habilidades] PRIMARY KEY ([Id])
);
GO

CREATE TABLE [PersonagemHabilidades] (
    [PersonagemId] int NOT NULL,
    [HabilidadeId] int NOT NULL,
    CONSTRAINT [PK_PersonagemHabilidades] PRIMARY KEY ([PersonagemId], [HabilidadeId]),
    CONSTRAINT [FK_PersonagemHabilidades_Habilidades_HabilidadeId] FOREIGN KEY ([HabilidadeId]) REFERENCES [Habilidades] ([Id]) ON DELETE CASCADE,
    CONSTRAINT [FK_PersonagemHabilidades_Personagens_PersonagemId] FOREIGN KEY ([PersonagemId]) REFERENCES [Personagens] ([Id]) ON DELETE CASCADE
);
GO

IF EXISTS (SELECT * FROM [sys].[identity_columns] WHERE [name] IN (N'Id', N'Dano', N'Nome') AND [object_id] = OBJECT_ID(N'[Habilidades]'))
    SET IDENTITY_INSERT [Habilidades] ON;
INSERT INTO [Habilidades] ([Id], [Dano], [Nome])
VALUES (1, 39, N'Adormecer'),
(2, 41, N'Congelar'),
(3, 37, N'Hipnotizar');
IF EXISTS (SELECT * FROM [sys].[identity_columns] WHERE [name] IN (N'Id', N'Dano', N'Nome') AND [object_id] = OBJECT_ID(N'[Habilidades]'))
    SET IDENTITY_INSERT [Habilidades] OFF;
GO

UPDATE [Personagens] SET [Derrotas] = 0, [Disputas] = 0, [Vitorias] = 0
WHERE [Id] = 1;
SELECT @@ROWCOUNT;

GO

UPDATE [Personagens] SET [Derrotas] = 0, [Disputas] = 0, [Vitorias] = 0
WHERE [Id] = 2;
SELECT @@ROWCOUNT;

GO

UPDATE [Personagens] SET [Derrotas] = 0, [Disputas] = 0, [Vitorias] = 0
WHERE [Id] = 3;
SELECT @@ROWCOUNT;

GO

UPDATE [Personagens] SET [Derrotas] = 0, [Disputas] = 0, [Vitorias] = 0
WHERE [Id] = 4;
SELECT @@ROWCOUNT;

GO

UPDATE [Personagens] SET [Derrotas] = 0, [Disputas] = 0, [Vitorias] = 0
WHERE [Id] = 5;
SELECT @@ROWCOUNT;

GO

UPDATE [Personagens] SET [Derrotas] = 0, [Disputas] = 0, [Vitorias] = 0
WHERE [Id] = 6;
SELECT @@ROWCOUNT;

GO

UPDATE [Personagens] SET [Derrotas] = 0, [Disputas] = 0, [Vitorias] = 0
WHERE [Id] = 7;
SELECT @@ROWCOUNT;

GO

UPDATE [Usuarios] SET [PasswordHash] = 0x37181D07508E89BDBAA1E13A1F33E15FD2FDCCAE5C49ADC1EE4B1E24296F6C7683E8DAB50835000E2FBAB4539D41DD85961DDE4D9601916581618A5E0D8528A8, [PasswordSalt] = 0x5FCF5D3CF2624B27FA567B20B7967625C3C171F2DB1FE89E084B17CDFC7EA545D031A83985E8656CCA9C8DB4ED4FEE226FEBE7761AF03523D7697EF29773F276E3D48A9906532FB6635997BC8BFFDC5A11D80F5C6CF4681AE1E2E1B23B26CB2D149CC395278EDAF871CC1E5A6401E32F005A5F4350A18342E476F3CC462DA242
WHERE [Id] = 1;
SELECT @@ROWCOUNT;

GO

IF EXISTS (SELECT * FROM [sys].[identity_columns] WHERE [name] IN (N'HabilidadeId', N'PersonagemId') AND [object_id] = OBJECT_ID(N'[PersonagemHabilidades]'))
    SET IDENTITY_INSERT [PersonagemHabilidades] ON;
INSERT INTO [PersonagemHabilidades] ([HabilidadeId], [PersonagemId])
VALUES (1, 1),
(2, 1),
(2, 2),
(2, 3),
(3, 3),
(3, 4),
(1, 5),
(2, 6),
(3, 7);
IF EXISTS (SELECT * FROM [sys].[identity_columns] WHERE [name] IN (N'HabilidadeId', N'PersonagemId') AND [object_id] = OBJECT_ID(N'[PersonagemHabilidades]'))
    SET IDENTITY_INSERT [PersonagemHabilidades] OFF;
GO

CREATE INDEX [IX_PersonagemHabilidades_HabilidadeId] ON [PersonagemHabilidades] ([HabilidadeId]);
GO

INSERT INTO [__EFMigrationsHistory] ([MigrationId], [ProductVersion])
VALUES (N'20230814111301_MigracaoMuitosParaMuitos', N'7.0.10');
GO

COMMIT;
GO

